nom,sayt,shahar,oy,fan,tur,ishonchlilik,oxirgi_tekshiruv,izoh
ESU Youth Public Speaking Competition (YPSC),https://www.seedasdan.com/en/esuypsc-en/,Makao (Asian Round); London (final),2027-01/02,Ingliz tili,2,Oʻrtacha,2026-10-03,"Onlayn bosqich roʻyxati 2026-11-06; Gold top15%, Silver 15–25%, Bronze 25–50%; badal nomaʼlum"
World Scholar's Cup,https://www.scholarscup.org/calendar/,Toshkent (mintaqaviy) / Shanxay (global),2027-03/04 va 2027 (global),Ingliz tili,2,Oʻrtacha,2026-10-03,>60% ishtirokchi mukofot oladi; global badal ~825 USD (eski maʼlumot)
FIRST LEGO League Hong Kong Championship,https://www.fll-innofest.com/HK-championship-2026,Gonkong,2027-07 (taxm.),Robototexnika,2,Ishonchli,2026-10-03,2026-yilda Oʻzbekiston va Qozogʻiston jamoalari qatnashgan; xalqaro jamoalar taklif asosida; badal nomaʼlum; 2026-27 BIOGLOW — LEGO bilan oxirgi mavsum
World Robot Contest (WRC) Finals,https://www.worldrobotconference.com/en/contest/,Pekin,2027-08,Robototexnika/AI,2,Ishonchli,2026-10-03,Rasmiy roʻyxat bepul (MoE oq roʻyxati); xorijiy maktab jamoalari uchun kirish yoʻli aniqlanmagan
VEX Asia Open Signature Event,https://www.robotevents.com/robot-competitions/vex-robotics-competition/RE-V5RC-25-0484.html,Pekin,2026-12 (taxm.),Robototexnika,2,Ishonchli,2026-10-03,"2025-26: 18–21-dekabr, 500 USD/jamoa; 2026-27 sanasi topilmadi"
VEX IQ Macau Mecha Monster Mash,https://www.beyondcodeacademy.com/en/post/vex-iq-competitions-for-thai-teams,Makao,2026-10,Robototexnika,2,Ishonchli,2026-10-03,2026-10-31; 12/40 joy chet elliklarga; vaqt yetmaydi
MakeX Robotics Competition Global Final,https://www.makex.cc/en,Shenzhen,2026-12 (taxm.),Robototexnika,2,Oʻrtacha,2026-10-03,Makeblock (tijoriy); 2024 final 5–8-dekabr Shenzhen; 2026 sanasi topilmadi
ENJOY AI Global Final,https://www.enjoyaiglobal.org/,Nomaʼlum (Xitoy),2026-12,Robototexnika/AI,2,Oʻrtacha,2026-10-03,WhalesBot ekotizimi; paket 600/1 100 USD/aʼzo (manba eski); 2025 final Vujen 5–7-dekabr
WER World Championship,http://en.wergame.org/,Shanxay,2026-12,Robototexnika,2,Oʻrtacha (maʼlumot kam),2026-10-03,2026-12-13 taxminiy; xorijiy badal va saralash tartibi topilmadi
WAICY,https://www.waicy.org/,Onlayn,2026-11,AI,Onlayn,Oʻrtacha (maʼlumot kam),2026-10-03,6–18 yosh; muddat 2026-11-01
AI for SDGs Global Youth AI Future Innovation Competition,https://unu.edu/macau/news/ai-sdgs-global-youth-ai-future-innovation-competition-2026-call-applications,Makao,2026-11,AI,2,Ishonchli,2026-10-03,Muddat 2026-09-15 oʻtgan; TRL6+ loyihalar — maktab uchun emas
Robotics for Good Youth Challenge (ITU),https://aiforgood.itu.int/robotics-for-good-youth-challenge/,Shanxay (Xitoy milliy) / Jeneva,2027-06,Robototexnika/AI,2,Ishonchli,2026-10-03,Final Jenevada — Xitoy mezoniga mos emas
World Robot Olympiad 2026,https://wro-association.org/wro-2025-concludes-host-2026-revealed/,"San-Xuan, Puerto-Riko",2026-12,Robototexnika,2,Ishonchli,2026-10-03,Xitoyda emas
IOAI 2027,https://ioai-official.org/singapore-2027/,Singapur,2027-07,AI,1,Ishonchli,2026-10-03,Xitoyda emas; milliy jamoa orqali
RoboCup 2027,https://robocupeu.org/2026/07/16/robocup-weltmeisterschaft-2027-kommt-nach-nurnberg/,Nyurnberg,2027-06,Robototexnika,2,Ishonchli,2026-10-03,Xitoyda emas
International Robot Olympiad 2026,https://iroc.org/iro2026/,Vena,2027-01,Robototexnika,2,Oʻrtacha,2026-10-03,Xitoyda emas
FIRST Global Challenge 2026,https://first.global/fgc/,Inchxon,2026-10,Robototexnika,1,Ishonchli,2026-10-03,Xitoyda emas
HKIMO — Hong Kong International Mathematical Olympiad,https://smo-testing.com/hkimo/,Gonkong,2027-08 (final),Matematika,2,Shubhali,2026-10-03,"Mukofotlar ~80% ishtirokchiga (Gold ≥80, Silver ≥60, Bronze ≥40, Merit ≥20 persentil); tashkilotchi OCEC (tijoriy); final badali nomaʼlum"
Mathematics Master Cup (MMC),https://globalolympiadsacademy.com/mmc/,Gonkong,2027-08 (taxm.),Matematika,2,Oʻrtacha (maʼlumot kam),2026-10-03,1–9-sinf; HKIMO bilan bir ekotizim; Qozogʻiston 2026: 17 medal
Primary Mathematics World Contest (PMWC),https://en.wikipedia.org/wiki/Primary_Mathematics_World_Contest,Gonkong,2027-07 (taxm.),Matematika,2,Ishonchli,2026-10-03,"Po Leung Kuk, 1997-dan; ≤13 yosh, 4 kishilik jamoa; kirish tartibi aniqlanmagan"
China Western Mathematical Invitational (CWMI),https://sgmathsociety.org/simo/china-western-mathematical-invitational-cwmi/,Xitoy (har yili boshqa),2027-08 (taxm.),Matematika,1,Ishonchli,2026-10-03,10–11-sinf; Qozogʻiston qatnashadi; milliy tashkilot orqali
Hua Luogeng Cup,https://www.aoshu.world/?p=2206,Xitoy,2027,Matematika,Ichki,Ishonchli,2026-10-03,Xitoy tilida; 450 CNY
World Mathematics Invitational (WMI),https://www.wminv.org/Subpage/Schedule.aspx,Makao (saralash),2027,Matematika,2,Oʻrtacha (maʼlumot kam),2026-10-03,2026 final Chiba (Yaponiya); 2027 final joyi nomaʼlum
AIMO,https://www.mathlympia.com/olympiads/aimo-final,Xanoy (2026),2027,Matematika,2,Oʻrtacha (maʼlumot kam),2026-10-03,2027 final joyi nomaʼlum
IMO 2026,https://math-soc.com/2026/07/21/2026-international-mathematical-olympiad-results-announced/,Shanxay,2026-07,Matematika,1,Ishonchli,2026-10-03,Oʻtib ketgan
China Daily Belt and Road Youth English Speaking Competition,https://info.fasper.bg.ac.rs/china-daily-belt-and-road-youth-english-speaking-competition/,Xitoy (2026: Suzhou),2026-10 / 2027-10,Ingliz tili,2,Ishonchli,2026-10-03,16–22/27 yosh; milliy saralash hamkorlar orqali; Oʻzbekiston saralashi topilmadi
Spelling Bee World Cup,https://risingsunnewspapers.co.za/327653/history-made-as-inaugural-spelling-bee-world-cup-crowns-first-champions/,Pekin (2027),2027,Ingliz tili,2,Oʻrtacha (maʼlumot kam),2026-10-03,2026-yilda birinchi marta (Shanxay); WSBA; milliy jamoa orqali
Asian Spelling Bee Cup (ASBC),https://english.edu.my/asbc.html,Shanxay,2027-07 (taxm.),Ingliz tili,3,Oʻrtacha,2026-10-03,"Paket RM 5 400 (7 kecha + ovqat), 1–9-sinf"
TOEFL Young Students Championship,https://www.seedasdan.com/en/tyc-en/,Xitoy,—,Ingliz tili,Ichki,Ishonchli,2026-10-03,Faqat Xitoy ichida
